count,startTime,endTime,startZoneOffset,endZoneOffset
47,2025-11-26T23:52:00.000Z,2025-11-27T00:40:00.000Z,+09:00,+09:00
3645,2025-11-27T02:48:00.000Z,2025-11-27T04:22:00.000Z,+09:00,+09:00
2683,2025-11-27T09:10:00.000Z,2025-11-27T11:22:00.000Z,+09:00,+09:00
101,2025-11-27T11:33:00.000Z,2025-11-27T14:28:00.000Z,+09:00,+09:00
2600,2025-11-28T06:26:00.000Z,2025-11-28T08:10:00.000Z,+09:00,+09:00
4717,2025-11-28T11:52:00.000Z,2025-11-28T14:28:00.000Z,+09:00,+09:00
523,2025-11-28T21:29:00.000Z,2025-11-28T23:10:00.000Z,+09:00,+09:00
987,2025-11-28T23:37:00.000Z,2025-11-29T00:34:00.000Z,+09:00,+09:00
1033,2025-11-29T02:38:00.000Z,2025-11-29T04:28:00.000Z,+09:00,+09:00
1005,2025-11-29T06:06:00.000Z,2025-11-29T08:10:00.000Z,+09:00,+09:00
105,2025-11-29T11:34:00.000Z,2025-11-29T14:22:00.000Z,+09:00,+09:00
825,2025-11-29T23:47:00.000Z,2025-11-30T00:33:00.000Z,+09:00,+09:00
195,2025-11-30T02:54:00.000Z,2025-11-30T04:10:00.000Z,+09:00,+09:00
995,2025-11-30T06:13:00.000Z,2025-11-30T08:25:00.000Z,+09:00,+09:00
5689,2025-11-30T09:16:00.000Z,2025-11-30T11:06:00.000Z,+09:00,+09:00
7182,2025-11-30T11:57:00.000Z,2025-11-30T14:10:00.000Z,+09:00,+09:00
2873,2025-11-30T21:07:00.000Z,2025-11-30T23:29:00.000Z,+09:00,+09:00
2343,2025-12-01T09:02:00.000Z,2025-12-01T11:07:00.000Z,+09:00,+09:00
536,2025-12-01T11:34:00.000Z,2025-12-01T14:09:00.000Z,+09:00,+09:00
953,2025-12-01T23:32:00.000Z,2025-12-02T00:38:00.000Z,+09:00,+09:00
10,2025-12-02T02:58:00.000Z,2025-12-02T04:29:00.000Z,+09:00,+09:00
891,2025-12-02T06:08:00.000Z,2025-12-02T08:09:00.000Z,+09:00,+09:00
2147,2025-12-02T09:23:00.000Z,2025-12-02T11:01:00.000Z,+09:00,+09:00
1077,2025-12-02T11:55:00.000Z,2025-12-02T14:17:00.000Z,+09:00,+09:00
318,2025-12-02T21:02:00.000Z,2025-12-02T23:16:00.000Z,+09:00,+09:00
3813,2025-12-03T02:32:00.000Z,2025-12-03T04:01:00.000Z,+09:00,+09:00
4192,2025-12-03T06:15:00.000Z,2025-12-03T08:15:00.000Z,+09:00,+09:00
572,2025-12-03T09:05:00.000Z,2025-12-03T11:18:00.000Z,+09:00,+09:00
1003,2025-12-03T11:59:00.000Z,2025-12-03T14:05:00.000Z,+09:00,+09:00
5330,2025-12-03T21:05:00.000Z,2025-12-03T23:28:00.000Z,+09:00,+09:00
4990,2025-12-03T23:33:00.000Z,2025-12-04T00:30:00.000Z,+09:00,+09:00
6884,2025-12-04T02:49:00.000Z,2025-12-04T04:28:00.000Z,+09:00,+09:00
526,2025-12-04T06:29:00.000Z,2025-12-04T08:22:00.000Z,+09:00,+09:00
5375,2025-12-04T11:38:00.000Z,2025-12-04T14:18:00.000Z,+09:00,+09:00
3720,2025-12-04T21:16:00.000Z,2025-12-04T23:22:00.000Z,+09:00,+09:00
3370,2025-12-05T06:28:00.000Z,2025-12-05T08:23:00.000Z,+09:00,+09:00
3915,2025-12-06T09:03:00.000Z,2025-12-06T11:02:00.000Z,+09:00,+09:00
8674,2025-12-06T11:38:00.000Z,2025-12-06T14:21:00.000Z,+09:00,+09:00
315,2025-12-06T21:03:00.000Z,2025-12-06T23:28:00.000Z,+09:00,+09:00
2383,2025-12-06T23:56:00.000Z,2025-12-07T00:49:00.000Z,+09:00,+09:00
935,2025-12-07T06:01:00.000Z,2025-12-07T08:21:00.000Z,+09:00,+09:00
6998,2025-12-07T11:36:00.000Z,2025-12-07T14:09:00.000Z,+09:00,+09:00
3304,2025-12-07T21:03:00.000Z,2025-12-07T23:18:00.000Z,+09:00,+09:00
93,2025-12-07T23:36:00.000Z,2025-12-08T00:34:00.000Z,+09:00,+09:00
2761,2025-12-08T02:56:00.000Z,2025-12-08T04:05:00.000Z,+09:00,+09:00
1244,2025-12-08T09:21:00.000Z,2025-12-08T11:24:00.000Z,+09:00,+09:00
3488,2025-12-08T11:57:00.000Z,2025-12-08T14:28:00.000Z,+09:00,+09:00
6016,2025-12-08T21:03:00.000Z,2025-12-08T23:18:00.000Z,+09:00,+09:00
10192,2025-12-09T02:52:00.000Z,2025-12-09T04:17:00.000Z,+09:00,+09:00
396,2025-12-09T09:11:00.000Z,2025-12-09T11:17:00.000Z,+09:00,+09:00
6181,2025-12-09T11:51:00.000Z,2025-12-09T14:03:00.000Z,+09:00,+09:00
2613,2025-12-09T21:19:00.000Z,2025-12-09T23:10:00.000Z,+09:00,+09:00
1490,2025-12-09T23:44:00.000Z,2025-12-10T00:39:00.000Z,+09:00,+09:00
2940,2025-12-10T02:55:00.000Z,2025-12-10T04:02:00.000Z,+09:00,+09:00
684,2025-12-10T06:16:00.000Z,2025-12-10T08:09:00.000Z,+09:00,+09:00
2236,2025-12-10T11:51:00.000Z,2025-12-10T14:21:00.000Z,+09:00,+09:00
954,2025-12-11T06:12:00.000Z,2025-12-11T08:23:00.000Z,+09:00,+09:00
619,2025-12-11T11:54:00.000Z,2025-12-11T14:17:00.000Z,+09:00,+09:00
2680,2025-12-12T00:00:00.000Z,2025-12-12T00:36:00.000Z,+09:00,+09:00
2231,2025-12-12T06:26:00.000Z,2025-12-12T08:01:00.000Z,+09:00,+09:00
2217,2025-12-12T23:34:00.000Z,2025-12-13T00:38:00.000Z,+09:00,+09:00
3596,2025-12-13T06:13:00.000Z,2025-12-13T08:20:00.000Z,+09:00,+09:00
1181,2025-12-13T09:06:00.000Z,2025-12-13T11:04:00.000Z,+09:00,+09:00
1692,2025-12-13T11:57:00.000Z,2025-12-13T14:02:00.000Z,+09:00,+09:00
823,2025-12-13T21:29:00.000Z,2025-12-13T23:18:00.000Z,+09:00,+09:00
1464,2025-12-13T23:34:00.000Z,2025-12-14T00:33:00.000Z,+09:00,+09:00
1173,2025-12-14T06:08:00.000Z,2025-12-14T08:18:00.000Z,+09:00,+09:00
2016,2025-12-14T09:10:00.000Z,2025-12-14T11:20:00.000Z,+09:00,+09:00
2405,2025-12-14T11:38:00.000Z,2025-12-14T14:04:00.000Z,+09:00,+09:00
7642,2025-12-14T21:22:00.000Z,2025-12-14T23:22:00.000Z,+09:00,+09:00
1605,2025-12-14T23:54:00.000Z,2025-12-15T00:34:00.000Z,+09:00,+09:00
163,2025-12-15T06:18:00.000Z,2025-12-15T08:30:00.000Z,+09:00,+09:00
1226,2025-12-15T09:12:00.000Z,2025-12-15T11:00:00.000Z,+09:00,+09:00
2165,2025-12-15T21:03:00.000Z,2025-12-15T23:17:00.000Z,+09:00,+09:00
961,2025-12-16T02:43:00.000Z,2025-12-16T04:25:00.000Z,+09:00,+09:00
1184,2025-12-16T09:14:00.000Z,2025-12-16T11:17:00.000Z,+09:00,+09:00
1024,2025-12-16T11:56:00.000Z,2025-12-16T14:01:00.000Z,+09:00,+09:00
1603,2025-12-16T21:13:00.000Z,2025-12-16T23:15:00.000Z,+09:00,+09:00
1167,2025-12-16T23:44:00.000Z,2025-12-17T00:35:00.000Z,+09:00,+09:00
849,2025-12-17T02:37:00.000Z,2025-12-17T04:18:00.000Z,+09:00,+09:00
919,2025-12-17T06:15:00.000Z,2025-12-17T08:13:00.000Z,+09:00,+09:00
1959,2025-12-17T09:11:00.000Z,2025-12-17T11:08:00.000Z,+09:00,+09:00
1042,2025-12-17T21:03:00.000Z,2025-12-17T23:04:00.000Z,+09:00,+09:00
4015,2025-12-17T23:41:00.000Z,2025-12-18T00:55:00.000Z,+09:00,+09:00
1502,2025-12-18T02:38:00.000Z,2025-12-18T04:29:00.000Z,+09:00,+09:00
5141,2025-12-18T21:25:00.000Z,2025-12-18T23:12:00.000Z,+09:00,+09:00
2152,2025-12-18T23:33:00.000Z,2025-12-19T00:43:00.000Z,+09:00,+09:00
322,2025-12-19T02:54:00.000Z,2025-12-19T04:14:00.000Z,+09:00,+09:00
10982,2025-12-19T06:09:00.000Z,2025-12-19T08:03:00.000Z,+09:00,+09:00
5575,2025-12-19T11:49:00.000Z,2025-12-19T14:00:00.000Z,+09:00,+09:00
11,2025-12-19T21:22:00.000Z,2025-12-19T23:03:00.000Z,+09:00,+09:00
1793,2025-12-19T23:59:00.000Z,2025-12-20T00:52:00.000Z,+09:00,+09:00
2363,2025-12-20T09:17:00.000Z,2025-12-20T11:23:00.000Z,+09:00,+09:00
131,2025-12-20T23:53:00.000Z,2025-12-21T00:50:00.000Z,+09:00,+09:00
725,2025-12-21T02:37:00.000Z,2025-12-21T04:00:00.000Z,+09:00,+09:00
736,2025-12-21T09:24:00.000Z,2025-12-21T11:06:00.000Z,+09:00,+09:00
221,2025-12-21T11:59:00.000Z,2025-12-21T14:22:00.000Z,+09:00,+09:00
5431,2025-12-22T02:43:00.000Z,2025-12-22T04:08:00.000Z,+09:00,+09:00
4269,2025-12-22T06:26:00.000Z,2025-12-22T08:06:00.000Z,+09:00,+09:00
7067,2025-12-23T06:01:00.000Z,2025-12-23T08:24:00.000Z,+09:00,+09:00
9,2025-12-23T09:20:00.000Z,2025-12-23T11:16:00.000Z,+09:00,+09:00
4401,2025-12-23T21:29:00.000Z,2025-12-23T23:08:00.000Z,+09:00,+09:00
1927,2025-12-24T02:43:00.000Z,2025-12-24T04:04:00.000Z,+09:00,+09:00
85,2025-12-24T06:14:00.000Z,2025-12-24T08:13:00.000Z,+09:00,+09:00
2529,2025-12-24T09:29:00.000Z,2025-12-24T11:11:00.000Z,+09:00,+09:00
1393,2025-12-24T11:54:00.000Z,2025-12-24T14:05:00.000Z,+09:00,+09:00
1735,2025-12-24T23:52:00.000Z,2025-12-25T00:31:00.000Z,+09:00,+09:00
1709,2025-12-25T02:45:00.000Z,2025-12-25T04:00:00.000Z,+09:00,+09:00
1431,2025-12-25T06:27:00.000Z,2025-12-25T08:27:00.000Z,+09:00,+09:00
1011,2025-12-25T09:00:00.000Z,2025-12-25T11:07:00.000Z,+09:00,+09:00
242,2025-12-25T11:32:00.000Z,2025-12-25T14:15:00.000Z,+09:00,+09:00
1687,2025-12-25T21:09:00.000Z,2025-12-25T23:02:00.000Z,+09:00,+09:00
4917,2025-12-26T02:55:00.000Z,2025-12-26T04:29:00.000Z,+09:00,+09:00
2064,2025-12-26T06:13:00.000Z,2025-12-26T08:26:00.000Z,+09:00,+09:00
1634,2025-12-26T09:18:00.000Z,2025-12-26T11:09:00.000Z,+09:00,+09:00
649,2025-12-26T11:32:00.000Z,2025-12-26T14:11:00.000Z,+09:00,+09:00
5983,2025-12-26T21:08:00.000Z,2025-12-26T23:16:00.000Z,+09:00,+09:00
4499,2025-12-26T23:57:00.000Z,2025-12-27T00:45:00.000Z,+09:00,+09:00
1048,2025-12-27T02:48:00.000Z,2025-12-27T04:19:00.000Z,+09:00,+09:00
2932,2025-12-27T06:26:00.000Z,2025-12-27T08:09:00.000Z,+09:00,+09:00
2378,2025-12-27T21:20:00.000Z,2025-12-27T23:29:00.000Z,+09:00,+09:00
2319,2025-12-27T23:48:00.000Z,2025-12-28T00:49:00.000Z,+09:00,+09:00
2530,2025-12-28T02:40:00.000Z,2025-12-28T04:07:00.000Z,+09:00,+09:00
2692,2025-12-28T09:04:00.000Z,2025-12-28T11:05:00.000Z,+09:00,+09:00
296,2025-12-28T21:03:00.000Z,2025-12-28T23:16:00.000Z,+09:00,+09:00
2027,2025-12-28T23:56:00.000Z,2025-12-29T00:40:00.000Z,+09:00,+09:00
1804,2025-12-29T02:45:00.000Z,2025-12-29T04:30:00.000Z,+09:00,+09:00
1518,2025-12-29T06:20:00.000Z,2025-12-29T08:28:00.000Z,+09:00,+09:00
274,2025-12-29T11:33:00.000Z,2025-12-29T14:26:00.000Z,+09:00,+09:00
2788,2025-12-30T02:43:00.000Z,2025-12-30T04:10:00.000Z,+09:00,+09:00
3090,2025-12-30T06:30:00.000Z,2025-12-30T08:00:00.000Z,+09:00,+09:00
3932,2025-12-30T11:36:00.000Z,2025-12-30T14:16:00.000Z,+09:00,+09:00
3049,2025-12-30T21:07:00.000Z,2025-12-30T23:26:00.000Z,+09:00,+09:00
2989,2025-12-31T02:48:00.000Z,2025-12-31T04:24:00.000Z,+09:00,+09:00
2595,2025-12-31T06:25:00.000Z,2025-12-31T08:02:00.000Z,+09:00,+09:00
170,2025-12-31T11:34:00.000Z,2025-12-31T14:13:00.000Z,+09:00,+09:00
399,2025-12-31T21:24:00.000Z,2025-12-31T23:19:00.000Z,+09:00,+09:00
120,2026-01-01T03:00:00.000Z,2026-01-01T04:11:00.000Z,+09:00,+09:00
1698,2026-01-01T09:14:00.000Z,2026-01-01T11:10:00.000Z,+09:00,+09:00
375,2026-01-01T21:22:00.000Z,2026-01-01T23:27:00.000Z,+09:00,+09:00
1569,2026-01-02T02:58:00.000Z,2026-01-02T04:23:00.000Z,+09:00,+09:00
3611,2026-01-02T06:12:00.000Z,2026-01-02T08:17:00.000Z,+09:00,+09:00
3127,2026-01-02T09:10:00.000Z,2026-01-02T11:09:00.000Z,+09:00,+09:00
1854,2026-01-02T11:51:00.000Z,2026-01-02T14:01:00.000Z,+09:00,+09:00
499,2026-01-03T09:30:00.000Z,2026-01-03T11:06:00.000Z,+09:00,+09:00
595,2026-01-03T11:49:00.000Z,2026-01-03T14:21:00.000Z,+09:00,+09:00
2648,2026-01-03T21:05:00.000Z,2026-01-03T23:22:00.000Z,+09:00,+09:00
336,2026-01-03T23:30:00.000Z,2026-01-04T00:55:00.000Z,+09:00,+09:00
2563,2026-01-04T02:32:00.000Z,2026-01-04T04:26:00.000Z,+09:00,+09:00
1921,2026-01-04T06:12:00.000Z,2026-01-04T08:17:00.000Z,+09:00,+09:00
1724,2026-01-04T21:21:00.000Z,2026-01-04T23:17:00.000Z,+09:00,+09:00
6762,2026-01-04T23:43:00.000Z,2026-01-05T00:52:00.000Z,+09:00,+09:00
1926,2026-01-05T21:04:00.000Z,2026-01-05T23:18:00.000Z,+09:00,+09:00
108,2026-01-05T23:32:00.000Z,2026-01-06T00:48:00.000Z,+09:00,+09:00
399,2026-01-06T02:44:00.000Z,2026-01-06T04:01:00.000Z,+09:00,+09:00
1848,2026-01-06T06:18:00.000Z,2026-01-06T08:18:00.000Z,+09:00,+09:00
1500,2026-01-06T09:12:00.000Z,2026-01-06T11:30:00.000Z,+09:00,+09:00
7894,2026-01-06T23:40:00.000Z,2026-01-07T00:53:00.000Z,+09:00,+09:00
7022,2026-01-07T06:16:00.000Z,2026-01-07T08:10:00.000Z,+09:00,+09:00
4773,2026-01-07T21:24:00.000Z,2026-01-07T23:12:00.000Z,+09:00,+09:00
321,2026-01-07T23:57:00.000Z,2026-01-08T00:40:00.000Z,+09:00,+09:00
2850,2026-01-08T11:32:00.000Z,2026-01-08T14:15:00.000Z,+09:00,+09:00
1456,2026-01-09T02:49:00.000Z,2026-01-09T04:11:00.000Z,+09:00,+09:00
46,2026-01-09T06:14:00.000Z,2026-01-09T08:01:00.000Z,+09:00,+09:00
15933,2026-01-09T21:14:00.000Z,2026-01-09T23:14:00.000Z,+09:00,+09:00
5448,2026-01-10T02:59:00.000Z,2026-01-10T04:21:00.000Z,+09:00,+09:00
548,2026-01-10T21:04:00.000Z,2026-01-10T23:01:00.000Z,+09:00,+09:00
230,2026-01-11T02:34:00.000Z,2026-01-11T04:11:00.000Z,+09:00,+09:00
584,2026-01-11T09:20:00.000Z,2026-01-11T11:05:00.000Z,+09:00,+09:00
530,2026-01-11T11:50:00.000Z,2026-01-11T14:09:00.000Z,+09:00,+09:00
663,2026-01-11T23:47:00.000Z,2026-01-12T00:34:00.000Z,+09:00,+09:00
3452,2026-01-12T02:49:00.000Z,2026-01-12T04:18:00.000Z,+09:00,+09:00
534,2026-01-12T06:26:00.000Z,2026-01-12T08:08:00.000Z,+09:00,+09:00
3343,2026-01-13T02:58:00.000Z,2026-01-13T04:04:00.000Z,+09:00,+09:00
3483,2026-01-13T06:14:00.000Z,2026-01-13T08:06:00.000Z,+09:00,+09:00
1039,2026-01-13T09:30:00.000Z,2026-01-13T11:25:00.000Z,+09:00,+09:00
111,2026-01-13T21:28:00.000Z,2026-01-13T23:19:00.000Z,+09:00,+09:00
211,2026-01-13T23:42:00.000Z,2026-01-14T00:44:00.000Z,+09:00,+09:00
589,2026-01-14T09:02:00.000Z,2026-01-14T11:19:00.000Z,+09:00,+09:00
673,2026-01-14T11:59:00.000Z,2026-01-14T14:27:00.000Z,+09:00,+09:00
1955,2026-01-14T21:07:00.000Z,2026-01-14T23:17:00.000Z,+09:00,+09:00
42,2026-01-14T23:56:00.000Z,2026-01-15T00:32:00.000Z,+09:00,+09:00
465,2026-01-15T06:20:00.000Z,2026-01-15T08:14:00.000Z,+09:00,+09:00
322,2026-01-15T09:13:00.000Z,2026-01-15T11:30:00.000Z,+09:00,+09:00
2029,2026-01-15T11:35:00.000Z,2026-01-15T14:09:00.000Z,+09:00,+09:00
2318,2026-01-16T06:11:00.000Z,2026-01-16T08:05:00.000Z,+09:00,+09:00
20596,2026-01-16T11:53:00.000Z,2026-01-16T14:09:00.000Z,+09:00,+09:00
979,2026-01-16T23:40:00.000Z,2026-01-17T00:31:00.000Z,+09:00,+09:00
103,2026-01-17T02:56:00.000Z,2026-01-17T04:13:00.000Z,+09:00,+09:00
102,2026-01-17T06:24:00.000Z,2026-01-17T08:10:00.000Z,+09:00,+09:00
1464,2026-01-17T11:57:00.000Z,2026-01-17T14:06:00.000Z,+09:00,+09:00
923,2026-01-17T21:03:00.000Z,2026-01-17T23:28:00.000Z,+09:00,+09:00
308,2026-01-17T23:44:00.000Z,2026-01-18T00:41:00.000Z,+09:00,+09:00
1717,2026-01-18T06:11:00.000Z,2026-01-18T08:16:00.000Z,+09:00,+09:00
965,2026-01-18T09:08:00.000Z,2026-01-18T11:10:00.000Z,+09:00,+09:00
1489,2026-01-18T11:41:00.000Z,2026-01-18T14:14:00.000Z,+09:00,+09:00
1763,2026-01-18T21:20:00.000Z,2026-01-18T23:22:00.000Z,+09:00,+09:00
4621,2026-01-18T23:53:00.000Z,2026-01-19T00:55:00.000Z,+09:00,+09:00
70,2026-01-19T06:29:00.000Z,2026-01-19T08:13:00.000Z,+09:00,+09:00
746,2026-01-19T09:22:00.000Z,2026-01-19T11:16:00.000Z,+09:00,+09:00
2189,2026-01-19T11:52:00.000Z,2026-01-19T14:01:00.000Z,+09:00,+09:00
1489,2026-01-19T21:07:00.000Z,2026-01-19T23:27:00.000Z,+09:00,+09:00
1582,2026-01-19T23:55:00.000Z,2026-01-20T00:45:00.000Z,+09:00,+09:00
1225,2026-01-20T02:44:00.000Z,2026-01-20T04:05:00.000Z,+09:00,+09:00
647,2026-01-20T06:02:00.000Z,2026-01-20T08:21:00.000Z,+09:00,+09:00
668,2026-01-20T11:54:00.000Z,2026-01-20T14:17:00.000Z,+09:00,+09:00
2419,2026-01-20T21:30:00.000Z,2026-01-20T23:00:00.000Z,+09:00,+09:00
407,2026-01-21T02:36:00.000Z,2026-01-21T04:10:00.000Z,+09:00,+09:00
1584,2026-01-21T06:19:00.000Z,2026-01-21T08:13:00.000Z,+09:00,+09:00
2734,2026-01-21T09:18:00.000Z,2026-01-21T11:00:00.000Z,+09:00,+09:00
2618,2026-01-21T11:56:00.000Z,2026-01-21T14:01:00.000Z,+09:00,+09:00
7296,2026-01-21T23:39:00.000Z,2026-01-22T00:46:00.000Z,+09:00,+09:00
5686,2026-01-22T02:44:00.000Z,2026-01-22T04:17:00.000Z,+09:00,+09:00
7160,2026-01-22T06:10:00.000Z,2026-01-22T08:11:00.000Z,+09:00,+09:00
3307,2026-01-22T11:53:00.000Z,2026-01-22T14:03:00.000Z,+09:00,+09:00
6821,2026-01-22T23:39:00.000Z,2026-01-23T00:30:00.000Z,+09:00,+09:00
3910,2026-01-23T02:37:00.000Z,2026-01-23T04:00:00.000Z,+09:00,+09:00
253,2026-01-23T21:00:00.000Z,2026-01-23T23:03:00.000Z,+09:00,+09:00
772,2026-01-24T02:58:00.000Z,2026-01-24T04:22:00.000Z,+09:00,+09:00
1474,2026-01-24T06:01:00.000Z,2026-01-24T08:18:00.000Z,+09:00,+09:00
328,2026-01-24T09:11:00.000Z,2026-01-24T11:13:00.000Z,+09:00,+09:00
538,2026-01-24T11:46:00.000Z,2026-01-24T14:16:00.000Z,+09:00,+09:00
1699,2026-01-24T21:28:00.000Z,2026-01-24T23:14:00.000Z,+09:00,+09:00
1132,2026-01-24T23:35:00.000Z,2026-01-25T00:48:00.000Z,+09:00,+09:00
114,2026-01-25T02:46:00.000Z,2026-01-25T04:04:00.000Z,+09:00,+09:00
109,2026-01-25T09:15:00.000Z,2026-01-25T11:04:00.000Z,+09:00,+09:00
